n,Gender,Age,Education,Language,MultiLg,condition ,op1,op2,op3,op4,op5,op6,op7,op8,op9,op10,op11,op12,op13,op14,op15,op16,op17,op18,op19,op20,op21,op22,op23,op24,op25,op26,op27,op28,op29,op30,check_item,loo_brit_item_1,loo_brit_item_2,loo_brit_item_3,loo_brit_item_4,loo_brit_item_5,loo_brit_item_6,loo_brit_item_7,loo_brit_item_8,loo_brit_item_9,loo_brit_item_10,loo_brit_item_11,loo_brit_item_12,loo_brit_item_13,loo_brit_item_14,loo_brit_item_15,loo_brit_item_16,loo_brit_item_17,loo_brit_item_18,loo_brit_item_19,loo_brit_item_20,loo_brit_item_21,loo_brit_item_22,loo_brit_item_23,loo_brit_item_24,loo_brit_item_25,loo_brit_item_26,loo_brit_item_27,loo_brit_item_28,loo_brit_item_29,loo_brit_item_30,loo_world_item_1,loo_world_item_2,loo_world_item_3,loo_world_item_4,loo_world_item_5,loo_world_item_6,loo_world_item_7,loo_world_item_8,loo_world_item_9,loo_world_item_10,loo_world_item_11,loo_world_item_12,loo_world_item_13,loo_world_item_14,loo_world_item_15,loo_world_item_16,loo_world_item_17,loo_world_item_18,loo_world_item_19,loo_world_item_20,loo_world_item_21,loo_world_item_22,loo_world_item_23,loo_world_item_24,loo_world_item_25,loo_world_item_26,loo_world_item_27,loo_world_item_28,loo_world_item_29,loo_world_item_30,overall_brit_sample_brit_con,overall_brit_sample_world_con,crossed_world_brit_item_1,crossed_world_brit_item_2,crossed_world_brit_item_3,crossed_world_brit_item_4,crossed_world_brit_item_5,crossed_world_brit_item_6,crossed_world_brit_item_7,crossed_world_brit_item_8,crossed_world_brit_item_9,crossed_world_brit_item_10,crossed_world_brit_item_11,crossed_world_brit_item_12,crossed_world_brit_item_13,crossed_world_brit_item_14,crossed_world_brit_item_15,crossed_world_brit_item_16,crossed_world_brit_item_17,crossed_world_brit_item_18,crossed_world_brit_item_19,crossed_world_brit_item_20,crossed_world_brit_item_21,crossed_world_brit_item_22,crossed_world_brit_item_23,crossed_world_brit_item_24,crossed_world_brit_item_25,crossed_world_brit_item_26,crossed_world_brit_item_27,crossed_world_brit_item_28,crossed_world_brit_item_29,crossed_world_brit_item_30,overall_crossed_world_brit_sample_brit_condition,crossed_world_world_item_1,crossed_world_world_item_2,crossed_world_world_item_3,crossed_world_world_item_4,crossed_world_world_item_5,crossed_world_world_item_6,crossed_world_world_item_7,crossed_world_world_item_8,crossed_world_world_item_9,crossed_world_world_item_10,crossed_world_world_item_11,crossed_world_world_item_12,crossed_world_world_item_13,crossed_world_world_item_14,crossed_world_world_item_15,crossed_world_world_item_16,crossed_world_world_item_17,crossed_world_world_item_18,crossed_world_world_item_19,crossed_world_world_item_20,crossed_world_world_item_21,crossed_world_world_item_22,crossed_world_world_item_23,crossed_world_world_item_24,crossed_world_world_item_25,crossed_world_world_item_26,crossed_world_world_item_27,crossed_world_world_item_28,crossed_world_world_item_29,crossed_world_world_item_30,overall_crossed_world_brit_sample_world_condition
,Gender - Selected Choice,Age (years):,What is the highest level of education you have completed?,Is English your native language?,"Based on the number of languages you are fluent in, do you consider yourself:",1,name a wild animal:,name a female world leader:,name a popular dance:,name a landmark:,name a typical snack:,name a male singer:,name a typical drink:,name a city:,name a piece of art:,name a newspaper:,name a sport player (any sport):,name a world leader:,name a building:,name a book:,name a television broadcasting organisation:,name a male football player:,name a cartoon:,name a recognisable chocolate brand:,name a music band:,name a date in the year:,name a mountain:,name a currency:,name a typical celebration:,name a female singer:,name a beach:,name a flight company:,name a typical dish:,name a typical flower:,name a sport:,name a tourist city:,Name the current president of the United States:,,,,,,,,,,,,,,,,,,,,,,,,,,,,,,,,,,,,,,,,,,,,,,,,,,,,,,,,,,,,,,,,,,,,,,,,,,,,,,,,,,,,,,,,,,,,,,,,,,,,,,,,,,,,,,,,,,,,,,,,,,,,
1,Male,57,Secondary school degree or equivalent (e.g. A levels),Yes,Monolingual (1),British,lion,angela merkel,tango,buckingham palace,crisps,george michael,cola,london,sunflower,telegraph,david beckham,boris johnson,white house,life of pi,bbc,jordon pickford,tom and jerry,mars,coldplay,31/12/2021,everest,pound,birthday,adele,long beach,british airways,fish and chips,rose,football,paris,Joe Biden ,0.230769231,0.615384615,0.269230769,0.038461538,0.692307692,0,0.5,0.807692308,0.076923077,0,0.153846154,0.192307692,0.076923077,0,0.923076923,0,0.269230769,0.038461538,0.038461538,0,0.730769231,0.846153846,0.192307692,0.307692308,0,0.538461538,0.692307692,0.576923077,0.923076923,0.346153846,,,,,,,,,,,,,,,,,,,,,,,,,,,,,,,0.377218935,,0.451612903,0.709677419,0.129032258,0,0.064516129,0,0.483870968,0.193548387,0,0,0,0.032258065,0.129032258,0,0.516129032,0,0.193548387,0,0.032258065,0.096774194,0.677419355,0.033333333,0.064516129,0.225806452,0,0.225806452,0.161290323,0.741935484,0.838709677,0.516129032,0.245698925,,,,,,,,,,,,,,,,,,,,,,,,,,,,,,,
2,Female,51,"Bachelor's degree (e.g., Bsc, BA)",Yes,Monolingual (1),British,fox,angela merkel,samba,taj mahal,crisps,lionel ritchie,cola,london,mona lisa,the sun,marcus rashford,joe biden,westminister abbey,the bible,bbc,harry kane,tom and jerry,cadbury,the beatles,25/12/2021,everest,pound,birthday,adele,bondi,easyjet,shepards pie,rose,football,paris,Joe Biden ,0.192307692,0.615384615,0.076923077,0,0.692307692,0,0.5,0.807692308,0.730769231,0.230769231,0.076923077,0.461538462,0,0.384615385,0.923076923,0.653846154,0.269230769,0.730769231,0.307692308,0.461538462,0.730769231,0.846153846,0.192307692,0.307692308,0.192307692,0.230769231,0,0.576923077,0.923076923,0.346153846,,,,,,,,,,,,,,,,,,,,,,,,,,,,,,,0.476331361,,0,0.709677419,0,0,0.064516129,0,0.483870968,0.193548387,0.774193548,0,0,0.290322581,0,0.290322581,0.516129032,0,0.193548387,0.161290323,0.225806452,0,0.677419355,0.033333333,0.064516129,0.225806452,0,0,0,0.741935484,0.838709677,0.516129032,0.269272126,,,,,,,,,,,,,,,,,,,,,,,,,,,,,,,
3,Female,46,Secondary school degree or equivalent (e.g. A levels),Yes,Bilingual (2),British,elephant,angela merkel,waltz,buckingham palace,crisps,justin bieber,wine,london,mona lisa,the sun,marcus rashford,joe biden,eiffel tower,the bible,bbc,harry kane,tom and jerry,cadbury,the beatles,25/12/2021,everest,pound,christmas,taylor swift,brighton,british airways,fish and chips,rose,football,paris,Joe Biden ,0,0.615384615,0.076923077,0.038461538,0.692307692,0.115384615,0,0.807692308,0.730769231,0.230769231,0.076923077,0.461538462,0,0.384615385,0.923076923,0.653846154,0.269230769,0.730769231,0.307692308,0.461538462,0.730769231,0.846153846,0.653846154,0,0.230769231,0.538461538,0.692307692,0.576923077,0.923076923,0.346153846,,,,,,,,,,,,,,,,,,,,,,,,,,,,,,,0.49556213,,0.032258065,0.709677419,0.032258065,0,0.064516129,0.096774194,0,0.193548387,0.774193548,0,0,0.290322581,0,0.290322581,0.516129032,0,0.193548387,0.161290323,0.225806452,0,0.677419355,0.033333333,0.580645161,0,0,0.225806452,0.161290323,0.741935484,0.838709677,0.516129032,0.279197684,,,,,,,,,,,,,,,,,,,,,,,,,,,,,,,
4,I prefer not say,34,Secondary school degree or equivalent (e.g. A levels),No,Bilingual (2),British,cat,hillary clinton,tango,machu pico,crisps,justin bieber,milk,budapest,sunflower,the sun,andy murray,boris johnson,gherkin,oliver twist,bbc,harry kane,teletubbies,cadbury,the beatles,1111,snowdon,pound,christmas,lady gaga,miami beach,british airways,fish and chips,rose,football,london,Joe Biden ,0,0.076923077,0.269230769,0,0.692307692,0.115384615,0,0,0.076923077,0.230769231,0.076923077,0.192307692,0.038461538,0.038461538,0.923076923,0.653846154,0,0.730769231,0.307692308,0,0.115384615,0.846153846,0.653846154,0.076923077,0.038461538,0.538461538,0.692307692,0.576923077,0.923076923,0.461538462,,,,,,,,,,,,,,,,,,,,,,,,,,,,,,,0.350591716,,0,0,0.129032258,0,0.064516129,0.096774194,0,0,0,0,0,0.032258065,0,0,0.516129032,0,0,0.161290323,0.225806452,0,0,0.033333333,0.580645161,0,0.225806452,0.225806452,0.161290323,0.741935484,0.838709677,0.129032258,0.1563689,,,,,,,,,,,,,,,,,,,,,,,,,,,,,,,
5,Female,20,Secondary school degree or equivalent (e.g. A levels),Yes,Bilingual (2),British,fox,hillary clinton,dab,london,crisps,justin bieber,water,london,mona lisa,the sunday,mo farah,donald trump,big ben,harry potter,bbc,harry kane,horrid henry,cadbury,little mix,27/02/2021,everest,pound,christmas,adele,brighton,easyjet,english breakfast,daisy,football,london,Joe Biden ,0.192307692,0.076923077,0,0,0.692307692,0.115384615,0,0.807692308,0.730769231,0,0,0.192307692,0.076923077,0.346153846,0.923076923,0.653846154,0,0.730769231,0,0,0.730769231,0.846153846,0.653846154,0.307692308,0.230769231,0.230769231,0,0.192307692,0.923076923,0.461538462,,,,,,,,,,,,,,,,,,,,,,,,,,,,,,,0.381656805,,0,0,0,0,0.064516129,0.096774194,0.096774194,0.193548387,0.774193548,0,0,0.064516129,0,0.225806452,0.516129032,0,0,0.161290323,0,0,0.677419355,0.033333333,0.580645161,0.225806452,0,0,0,0,0.838709677,0.129032258,0.176220017,,,,,,,,,,,,,,,,,,,,,,,,,,,,,,,
6,Male,37,"Bachelor's degree (e.g., Bsc, BA)",Yes,Monolingual (1),British,wolf,angela merkel,macarena,big ben,crisps,elvis,cola,london,mona lisa,the sun,cristiano ronaldo,boris johnson,empire state building,the bible,bbc,harry kane,the simpsons,cadbury,the beatles,22/02/2021,ben nevis,pound,christmas,adele,bondi,british airways,fish and chips,daffodil,football,london,Joe Biden ,0.038461538,0.615384615,0,0.192307692,0.692307692,0,0.5,0.807692308,0.730769231,0.230769231,0.076923077,0.192307692,0.115384615,0.384615385,0.923076923,0.653846154,0.076923077,0.730769231,0.307692308,0,0.076923077,0.846153846,0.653846154,0.307692308,0.192307692,0.538461538,0.692307692,0.038461538,0.923076923,0.461538462,,,,,,,,,,,,,,,,,,,,,,,,,,,,,,,0.446745562,,0.064516129,0.709677419,0,0,0.064516129,0,0.483870968,0.193548387,0.774193548,0,0.096774194,0.032258065,0.258064516,0.290322581,0.516129032,0,0.096774194,0.161290323,0.225806452,0,0,0.033333333,0.580645161,0.225806452,0,0.225806452,0.161290323,0,0.838709677,0.129032258,0.223366419,,,,,,,,,,,,,,,,,,,,,,,,,,,,,,,
7,Female,21,Secondary school degree or equivalent (e.g. A levels),Yes,Monolingual (1),British,racoon ,priti patel,waltz,big ben,crisps,ed sheeran,cola,london,mona lisa,daily mail,harry kane,joe biden,empire state building,the bible,bbc,harry kane,spongebob squarepants,cadbury,oasis,08/07/2021,everest,pound,christmas,lady gaga,brighton,ryanair,fish and chips,rose,football,london,Joe Biden ,0,0,0.076923077,0.192307692,0.692307692,0.076923077,0.5,0.807692308,0.730769231,0.153846154,0.076923077,0.461538462,0.115384615,0.384615385,0.923076923,0.653846154,0.115384615,0.730769231,0.192307692,0,0.730769231,0.846153846,0.653846154,0.076923077,0.230769231,0.038461538,0.692307692,0.576923077,0.923076923,0.461538462,,,,,,,,,,,,,,,,,,,,,,,,,,,,,,,0.448224852,,0,0,0.032258065,0,0.064516129,0,0.483870968,0.193548387,0.774193548,0,0,0.290322581,0.258064516,0.290322581,0.516129032,0,0,0.161290323,0,0,0.677419355,0.033333333,0.580645161,0,0,0,0.161290323,0.741935484,0.838709677,0.129032258,0.229569892,,,,,,,,,,,,,,,,,,,,,,,,,,,,,,,
8,Female,27,"Doctoral degree (e.g., PhD, MD, etc.)",Yes,Monolingual (1),British,bear,not sure,floss,eiffel tower,crisps,michael jackson,coffee,glasgow,mona lisa,daily mail,andy murray,donald trump,buckingham palace,the bible,bbc,harry kane,looney tunes,cadbury,oasis,23/07/2021,everest,pound,birthday,mariah carey,blackpool,easyjet,fish and chips,daisy,football,london,Joe Biden ,0.038461538,0,0,0.076923077,0.692307692,0.076923077,0.076923077,0,0.730769231,0.153846154,0.076923077,0.192307692,0.192307692,0.384615385,0.923076923,0.653846154,0.038461538,0.730769231,0.192307692,0,0.730769231,0.846153846,0.192307692,0.038461538,0.038461538,0.230769231,0.692307692,0.192307692,0.923076923,0.461538462,,,,,,,,,,,,,,,,,,,,,,,,,,,,,,,0.352071006,,0,0,0,0.35483871,0.064516129,0.387096774,0,0,0.774193548,0,0,0.064516129,0.032258065,0.290322581,0.516129032,0,0.032258065,0.161290323,0,0,0.677419355,0.033333333,0.064516129,0,0,0,0.161290323,0,0.838709677,0.129032258,0.146443342,,,,,,,,,,,,,,,,,,,,,,,,,,,,,,,
9,Male,66,"Doctoral degree (e.g., PhD, MD, etc.)",Yes,Monolingual (1),British,tiger,jacinda ardern,tango,trafalgar square,nachos,tom jones,cola,london,mona lisa,daily mail,football,joe biden,buckingham palace,harry potter,bbc,wayne rooney,tom and jerry,cadbury,oasis,25/12/2021,everest,euro,christmas,tina turner,bondi,british airways,fish and chips,rose,football,paris,Joe Biden ,0.153846154,0,0.269230769,0,0,0.038461538,0.5,0.807692308,0.730769231,0.153846154,0.153846154,0.461538462,0.192307692,0.346153846,0.923076923,0,0.269230769,0.730769231,0.192307692,0.461538462,0.730769231,0.076923077,0.653846154,0.038461538,0.192307692,0.538461538,0.692307692,0.576923077,0.923076923,0.346153846,,,,,,,,,,,,,,,,,,,,,,,,,,,,,,,0.414201183,,0.129032258,0,0.129032258,0,0,0,0.483870968,0.193548387,0.774193548,0,0.032258065,0.290322581,0.032258065,0.225806452,0.516129032,0,0.193548387,0.161290323,0,0,0.677419355,0,0.580645161,0,0,0.225806452,0.161290323,0.741935484,0.838709677,0.516129032,0.263027295,,,,,,,,,,,,,,,,,,,,,,,,,,,,,,,
10,Male,33,Secondary school degree or equivalent (e.g. A levels),Yes,Monolingual (1),British,seagull,angela merkel,twerk,london eye,crisps,ed sheeran,cola,london,the scream,the guardian,harry kane,joe biden,the shard,the bible,bbc,harry kane,tom and jerry,cadbury,oasis,01/01/2021,everest,pound,cheer,beyonce,bondi,easyjet,fish and chips,daffodil,cricket,london,Joe Biden ,0,0.615384615,0,0.076923077,0.692307692,0.076923077,0.5,0.807692308,0,0.038461538,0.076923077,0.461538462,0.076923077,0.384615385,0.923076923,0.653846154,0.269230769,0.730769231,0.192307692,0,0.730769231,0.846153846,0,0.153846154,0.192307692,0.230769231,0.692307692,0.038461538,0.038461538,0.461538462,,,,,,,,,,,,,,,,,,,,,,,,,,,,,,,0.371301775,,0,0.709677419,0,0,0.064516129,0,0.483870968,0.193548387,0,0,0,0.290322581,0,0.290322581,0.516129032,0,0.193548387,0.161290323,0,0.193548387,0.677419355,0.033333333,0,0.322580645,0,0,0.161290323,0,0,0.129032258,0.170016543,,,,,,,,,,,,,,,,,,,,,,,,,,,,,,,
11,Female,40,"Bachelor's degree (e.g., Bsc, BA)",Yes,Monolingual (1),British,fox,angela merkel,samba,tower bridge,biscuits,david bowie,tea,london,mona lisa,the sun,lewis hamilton,joe biden,buckingham palace,it ,bbc,harry kane,tom and jerry,cadbury,slayer,25/12/2021,everest,pound,christmas,adele,cornwall,dhl,roast dinner,lily,football,bath,Joe Biden ,0.192307692,0.615384615,0.076923077,0,0.038461538,0,0.115384615,0.807692308,0.730769231,0.230769231,0,0.461538462,0.192307692,0,0.923076923,0.653846154,0.269230769,0.730769231,0,0.461538462,0.730769231,0.846153846,0.653846154,0.307692308,0.038461538,0,0,0.038461538,0.923076923,0,,,,,,,,,,,,,,,,,,,,,,,,,,,,,,,0.378698225,,0,0.709677419,0,0,0.032258065,0,0.032258065,0.193548387,0.774193548,0,0,0.290322581,0.032258065,0,0.516129032,0,0.193548387,0.161290323,0,0,0.677419355,0.033333333,0.580645161,0.225806452,0,0,0,0,0.838709677,0,0.202274607,,,,,,,,,,,,,,,,,,,,,,,,,,,,,,,
12,Female,45,"Bachelor's degree (e.g., Bsc, BA)",No,Bilingual (2),British,bear,hillary clinton,waltz,paris,crisps,rod stewart,coffee,london,mona lisa,the times,football,donald trump,white house,winnie the pooh,bbc,david beckham,the simpsons,cadbury,queen,05/11/2021,ben nevis,euro,birthday,adele,blackpool,british airways,lasagne,rose,football,paris,Joe Biden ,0.038461538,0.076923077,0.076923077,0,0.692307692,0,0.076923077,0.807692308,0.730769231,0.192307692,0.153846154,0.192307692,0.076923077,0,0.923076923,0.076923077,0.076923077,0.730769231,0.038461538,0,0.076923077,0.076923077,0.192307692,0.307692308,0.038461538,0.538461538,0.076923077,0.576923077,0.923076923,0.346153846,,,,,,,,,,,,,,,,,,,,,,,,,,,,,,,0.303254438,,0,0,0.032258065,0,0.064516129,0,0,0.193548387,0.774193548,0.322580645,0.032258065,0.064516129,0.129032258,0,0.516129032,0,0.096774194,0.161290323,0,0,0,0,0.064516129,0.225806452,0,0.225806452,0,0.741935484,0.838709677,0.516129032,0.186104218,,,,,,,,,,,,,,,,,,,,,,,,,,,,,,,
13,Male,32,"Master's degree (e.g., MA, Mac)",Yes,Multilingual (more than 2),British,fox,angela merkel,tango,big ben,crisps,frank sinatra,cola,london,mona lisa,the times,lampard,donald trump,gherkin,harry potter,bbc,david beckham,tom and jerry,cadbury,u2,25/12/2021,everest,pound,easter,dolly parton,miami beach,british airways,fish and chips,daisy,cricket,blackpool,Joe Biden ,0.192307692,0.615384615,0.269230769,0.192307692,0.692307692,0,0.5,0.807692308,0.730769231,0.192307692,0,0.192307692,0.038461538,0.346153846,0.923076923,0.076923077,0.269230769,0.730769231,0,0.461538462,0.730769231,0.846153846,0,0,0.038461538,0.538461538,0.692307692,0.192307692,0.038461538,0,,,,,,,,,,,,,,,,,,,,,,,,,,,,,,,0.387573964,,0,0.709677419,0.129032258,0,0.064516129,0,0.483870968,0.193548387,0.774193548,0.322580645,0,0.064516129,0,0.225806452,0.516129032,0,0.193548387,0.161290323,0.032258065,0,0.677419355,0.033333333,0,0,0.225806452,0.225806452,0.161290323,0,0,0,0.199793218,,,,,,,,,,,,,,,,,,,,,,,,,,,,,,,
14,Female,40,"Bachelor's degree (e.g., Bsc, BA)",Yes,Monolingual (1),British,lion,angela merkel,latino,stonehenge ,crisps,robbie williams,cola,london,mona lisa,the times,david beckham,barack obama,empire state building,harry potter,bbc,cristiano ronaldo,the simpsons,dairy milk,the beatles,25/12/2021,ben nevis,pound,christmas,beyonce,copacabana,easyjet,fish and chips,rose,football,london,Joe Biden ,0.230769231,0.615384615,0,0.038461538,0.692307692,0.038461538,0.5,0.807692308,0.730769231,0.192307692,0.153846154,0,0.115384615,0.346153846,0.923076923,0.038461538,0.076923077,0.076923077,0.307692308,0.461538462,0.076923077,0.846153846,0.653846154,0.153846154,0,0.230769231,0.692307692,0.576923077,0.923076923,0.461538462,,,,,,,,,,,,,,,,,,,,,,,,,,,,,,,0.408284024,,0.451612903,0.709677419,0,0,0.064516129,0,0.483870968,0.193548387,0.774193548,0.322580645,0,0.064516129,0.258064516,0.225806452,0.516129032,0.451612903,0.096774194,0,0.225806452,0,0,0.033333333,0.580645161,0.322580645,0.064516129,0,0.161290323,0.741935484,0.838709677,0.129032258,0.286641853,,,,,,,,,,,,,,,,,,,,,,,,,,,,,,,
15,Male,25,"Bachelor's degree (e.g., Bsc, BA)",Yes,Bilingual (2),British,tiger,beyonce ,salsa,great wall of china,pizza,justin bieber,cola,london,mona lisa,punch,david beckham,joe biden,white house,the bible,bbc,david beckham,spongebob squarepants,cadbury,wetheband,25/12/2021,snowdon,euro,new year ,beyonce,cornwall,arik,fish and chips,rose,football,dubai ,Joe Biden ,0.153846154,0,0,0,0,0.115384615,0.5,0.807692308,0.730769231,0,0.153846154,0.461538462,0.076923077,0.384615385,0.923076923,0.076923077,0.115384615,0.730769231,0,0.461538462,0.115384615,0.076923077,0,0.153846154,0.038461538,0,0.692307692,0.576923077,0.923076923,0,,,,,,,,,,,,,,,,,,,,,,,,,,,,,,,0.304733728,,0.129032258,0,0.161290323,0,0,0.096774194,0.483870968,0.193548387,0.774193548,0,0,0.290322581,0.129032258,0.290322581,0.516129032,0,0,0.161290323,0,0,0,0,0,0.322580645,0,0,0.161290323,0.741935484,0.838709677,0,0.194789082,,,,,,,,,,,,,,,,,,,,,,,,,,,,,,,
16,Female,18,Secondary school degree or equivalent (e.g. A levels),Yes,Bilingual (2),British,fox,kaja kallas ,renegade ,london eye,crisps,michael jackson,cola,london,starry night,metro,messi,boris johnson,the shard,harry potter,itv,lionel messi,looney tunes,cadbury,bts,25/09/2021,everest,pound,christmas,lady gaga,hawaii,british airways,fish and chips,lily,football,london,Joe Biden ,0.192307692,0,0,0.076923077,0.692307692,0.076923077,0.5,0.807692308,0,0,0.038461538,0.192307692,0.076923077,0.346153846,0.038461538,0,0.038461538,0.730769231,0,0,0.730769231,0.846153846,0.653846154,0.076923077,0.038461538,0.538461538,0.692307692,0.038461538,0.923076923,0.461538462,,,,,,,,,,,,,,,,,,,,,,,,,,,,,,,0.328402367,,0,0,0,0,0.064516129,0.387096774,0.483870968,0.193548387,0,0,0.322580645,0.032258065,0,0.225806452,0,0.387096774,0.032258065,0.161290323,0,0,0.677419355,0.033333333,0.580645161,0,0,0.225806452,0.161290323,0,0.838709677,0.129032258,0.162572374,,,,,,,,,,,,,,,,,,,,,,,,,,,,,,,
17,Female,31,"Bachelor's degree (e.g., Bsc, BA)",Yes,Bilingual (2),British,tiger,angela merkel,tango,stonehenge ,crisps,robbie williams,cola,london,mona lisa,the times,marcus rashford,joe biden,empire state building,harry potter,bbc,michael rashford,mickey mouse,cadbury,coldplay,25/12/2021,everest,pound,christmas,adele,bondi,easyjet,lasagne,rose,football,london,Joe Biden ,0.153846154,0.615384615,0.269230769,0.038461538,0.692307692,0.038461538,0.5,0.807692308,0.730769231,0.192307692,0.076923077,0.461538462,0.115384615,0.346153846,0.923076923,0,0.038461538,0.730769231,0.038461538,0.461538462,0.730769231,0.846153846,0.653846154,0.307692308,0.192307692,0.230769231,0.076923077,0.576923077,0.923076923,0.461538462,,,,,,,,,,,,,,,,,,,,,,,,,,,,,,,0.460059172,,0.129032258,0.709677419,0.129032258,0,0.064516129,0,0.483870968,0.193548387,0.774193548,0.322580645,0,0.290322581,0.258064516,0.225806452,0.516129032,0,0.096774194,0.161290323,0.032258065,0,0.677419355,0.033333333,0.580645161,0.225806452,0,0,0,0.741935484,0.838709677,0.129032258,0.282919768,,,,,,,,,,,,,,,,,,,,,,,,,,,,,,,
18,Male,38,"Bachelor's degree (e.g., Bsc, BA)",Yes,Monolingual (1),British,lion,angela merkel,tango,big ben,biscuits,ed sheeran,tea,london,mona lisa,the times,football,joe biden,buckingham palace,the bible,bbc,harry kane,flintstones,dairy milk,the beatles,25/12/2021,everest,pound,christmas,madonna,brighton,british airways,fish and chips,daisy,football,paris,Joe Biden ,0.230769231,0.615384615,0.269230769,0.192307692,0.038461538,0.076923077,0.115384615,0.807692308,0.730769231,0.192307692,0.153846154,0.461538462,0.192307692,0.384615385,0.923076923,0.653846154,0,0.076923077,0.307692308,0.461538462,0.730769231,0.846153846,0.653846154,0.076923077,0.230769231,0.538461538,0.692307692,0.192307692,0.923076923,0.346153846,,,,,,,,,,,,,,,,,,,,,,,,,,,,,,,0.442307692,,0.451612903,0.709677419,0.129032258,0,0.032258065,0,0.032258065,0.193548387,0.774193548,0.322580645,0.032258065,0.290322581,0.032258065,0.290322581,0.516129032,0,0,0,0.225806452,0,0.677419355,0.033333333,0.580645161,0.096774194,0,0.225806452,0.161290323,0,0.838709677,0.516129032,0.27299421,,,,,,,,,,,,,,,,,,,,,,,,,,,,,,,
19,Female,37,"Bachelor's degree (e.g., Bsc, BA)",Yes,Monolingual (1),British,lion,angela merkel,conga,eiffel tower,crisps,tom jones,cola,cardiff,mona lisa,daily mail,david beckham,joe biden,the shard,the bible,bbc,harry kane,peppa pig,cadbury,take that,14/02/2021,everest,pound,christmas,whitney houston,bondi,british airways,lasagne,daisy,football,paris,Joe Biden ,0.230769231,0.615384615,0,0.076923077,0.692307692,0.038461538,0.5,0,0.730769231,0.153846154,0.153846154,0.461538462,0.076923077,0.384615385,0.923076923,0.653846154,0.038461538,0.730769231,0,0,0.730769231,0.846153846,0.653846154,0,0.192307692,0.538461538,0.076923077,0.192307692,0.923076923,0.346153846,,,,,,,,,,,,,,,,,,,,,,,,,,,,,,,0.408284024,,0.451612903,0.709677419,0,0.35483871,0.064516129,0,0.483870968,0,0.774193548,0,0,0.290322581,0,0.290322581,0.516129032,0,0,0.161290323,0,0,0.677419355,0.033333333,0.580645161,0,0,0.225806452,0,0,0.838709677,0.516129032,0.254383788,,,,,,,,,,,,,,,,,,,,,,,,,,,,,,,
20,Male,48,"Bachelor's degree (e.g., Bsc, BA)",Yes,Bilingual (2),British,tiger,angela merkel,tango,pyramids at giza,crisps,elton john,tea,london,mona lisa,the sun,andy murray,boris johnson,buckingham palace,the bible,bbc,harry kane,spongebob squarepants,dairy milk,the beatles,25/12/2021,everest,pound,christmas,madonna,weymouth,british airways,fish and chips,rose,football,paris,Joe Biden ,0.153846154,0.615384615,0.269230769,0,0.692307692,0.076923077,0.115384615,0.807692308,0.730769231,0.230769231,0.076923077,0.192307692,0.192307692,0.384615385,0.923076923,0.653846154,0.115384615,0.076923077,0.307692308,0.461538462,0.730769231,0.846153846,0.653846154,0.076923077,0,0.538461538,0.692307692,0.576923077,0.923076923,0.346153846,,,,,,,,,,,,,,,,,,,,,,,,,,,,,,,0.465976331,,0.129032258,0.709677419,0.129032258,0,0.064516129,0,0.032258065,0.193548387,0.774193548,0,0,0.032258065,0.032258065,0.290322581,0.516129032,0,0,0,0.225806452,0,0.677419355,0.033333333,0.580645161,0.096774194,0,0.225806452,0.161290323,0.741935484,0.838709677,0.516129032,0.268031431,,,,,,,,,,,,,,,,,,,,,,,,,,,,,,,
21,Female,43,"Bachelor's degree (e.g., Bsc, BA)",Yes,Bilingual (2),British,fox,angela merkel,polka,louvre,crisps,neil sadaka,coffee,leeds,sistine chapel ceiling,the times,david beckham,joe biden,houses of parliament,catcher in the rye,itv,harry kane,scooby-doo,mars,queen,04/05/2021,everest,dollar,birthday,adele,ibiza,easyjet,fish and chips,rose,football,london,Joe Biden ,0.192307692,0.615384615,0,0,0.692307692,0,0.076923077,0,0,0.192307692,0.153846154,0.461538462,0.076923077,0,0.038461538,0.653846154,0,0.038461538,0.038461538,0,0.730769231,0,0.192307692,0.307692308,0,0.230769231,0.692307692,0.576923077,0.923076923,0.461538462,,,,,,,,,,,,,,,,,,,,,,,,,,,,,,,0.273668639,,0,0.709677419,0,0,0.064516129,0,0,0,0,0.322580645,0,0.290322581,0,0,0,0,0,0,0,0,0.677419355,0.866666667,0.064516129,0.225806452,0,0,0.161290323,0.741935484,0.838709677,0.129032258,0.195864351,,,,,,,,,,,,,,,,,,,,,,,,,,,,,,,
22,Male,49,Secondary school degree or equivalent (e.g. A levels),Yes,Monolingual (1),British,lion,angela merkel,jive,big ben,crisps,elton john,tea,london,sunflower,daily mail,football,joe biden,house,the bible,bbc,harry kane,mickey mouse,kit kat,oasis,25/12/2021,everest,pound,birthday,madonna,brighton,british airways,fish and chips,sunflower,football,new york,Joe Biden ,0.230769231,0.615384615,0,0.192307692,0.692307692,0.076923077,0.115384615,0.807692308,0.076923077,0.153846154,0.153846154,0.461538462,0,0.384615385,0.923076923,0.653846154,0.038461538,0,0.192307692,0.461538462,0.730769231,0.846153846,0.192307692,0.076923077,0.230769231,0.538461538,0.692307692,0,0.923076923,0,,,,,,,,,,,,,,,,,,,,,,,,,,,,,,,0.386094675,,0.451612903,0.709677419,0,0,0.064516129,0,0.032258065,0.193548387,0,0,0.032258065,0.290322581,0,0.290322581,0.516129032,0,0.096774194,0,0,0,0.677419355,0.033333333,0.064516129,0.096774194,0,0.225806452,0.161290323,0.032258065,0.838709677,0,0.183664185,,,,,,,,,,,,,,,,,,,,,,,,,,,,,,,
23,Male,23,Secondary school degree or equivalent (e.g. A levels),No,Bilingual (2),British,lion,margaret thatcher,tango,eiffel tower,cheetos,patrick stump,vodka,london,scream,the evening standard,football,boris johnson,houses of parliament,harry potter,bbc,cristiano ronaldo,thomas the tank engine,cadbury,oasis,22/07/2021,snowdon,pound,christmas,mariah carey,brighton,ryanair,fish and chips,daisy,football,london,Joe Biden ,0.230769231,0,0.269230769,0.076923077,0,0,0,0.807692308,0,0,0.153846154,0.192307692,0.076923077,0.346153846,0.923076923,0.038461538,0,0.730769231,0.192307692,0,0.115384615,0.846153846,0.653846154,0.038461538,0.230769231,0.038461538,0.692307692,0.192307692,0.923076923,0.461538462,,,,,,,,,,,,,,,,,,,,,,,,,,,,,,,0.304733728,,0.451612903,0.032258065,0.129032258,0.35483871,0,0,0,0.193548387,0,0,0.032258065,0.032258065,0,0.225806452,0.516129032,0.451612903,0,0.161290323,0,0,0,0.033333333,0.580645161,0,0,0,0.161290323,0,0.838709677,0.129032258,0.151406121,,,,,,,,,,,,,,,,,,,,,,,,,,,,,,,
24,Male,28,"Master's degree (e.g., MA, Mac)",Yes,Bilingual (2),British,hyena,angela merkel,ballroom dancing,london eye,chips,harry styles,beer,london,mona lisa,the guardian,messi,joe biden,buckingham palace,oliver twist,bbc,harry kane,peppa pig,snickers,the beatles,09/11/2021,everest,pound,christmas,beyonce,brighton,british airways,fish and chips,rose,football,paris,Joe Biden ,0,0.615384615,0,0.076923077,0,0,0,0.807692308,0.730769231,0.038461538,0.038461538,0.461538462,0.192307692,0.038461538,0.923076923,0.653846154,0.038461538,0,0.307692308,0,0.730769231,0.846153846,0.653846154,0.153846154,0.230769231,0.538461538,0.692307692,0.576923077,0.923076923,0.346153846,,,,,,,,,,,,,,,,,,,,,,,,,,,,,,,0.396449704,,0.032258065,0.709677419,0,0,0.387096774,0,0.064516129,0.193548387,0.774193548,0,0.322580645,0.290322581,0.032258065,0,0.516129032,0,0,0,0.225806452,0,0.677419355,0.033333333,0.580645161,0.322580645,0,0.225806452,0.161290323,0.741935484,0.838709677,0.516129032,0.280438379,,,,,,,,,,,,,,,,,,,,,,,,,,,,,,,
25,Male,65,"Master's degree (e.g., MA, Mac)",Yes,Monolingual (1),British,lion,angela merkel,jazz,white house,cola,michael jackson,cola,london,mona lisa,bbc,cristiano ronaldo,nelson mandela,big ben,harry potter,bbc,harry kane,tom and jerry,cadbury,the beatles,25/12/2021,everest,pound,christmas,beyonce,hawaii,emirates,pizza,rose,football,paris,Joe Biden ,0.230769231,0.615384615,0,0,0,0.076923077,0.5,0.807692308,0.730769231,0,0.076923077,0,0.076923077,0.346153846,0.923076923,0.653846154,0.269230769,0.730769231,0.307692308,0.461538462,0.730769231,0.846153846,0.653846154,0.153846154,0.038461538,0,0,0.576923077,0.923076923,0.346153846,,,,,,,,,,,,,,,,,,,,,,,,,,,,,,,0.417159763,,0.451612903,0.709677419,0.096774194,0,0,0.387096774,0.483870968,0.193548387,0.774193548,0,0.096774194,0.032258065,0,0.225806452,0.516129032,0,0.193548387,0.161290323,0.225806452,0,0.677419355,0.033333333,0.580645161,0.322580645,0,0.032258065,0.225806452,0.741935484,0.838709677,0.516129032,0.308974359,,,,,,,,,,,,,,,,,,,,,,,,,,,,,,,
26,Female,35,"Doctoral degree (e.g., PhD, MD, etc.)",No,Bilingual (2),British,tiger,michelle obama,break dance,waterloo,sandwich,elton john,cola,new york,mona lisa,the new york times,cristiano ronaldo,donald trump,big ben,harry potter,bbc,harry kane,spongebob squarepants,cadbury,chvrches,31/05/2021,snowdon,pound,christmas,tina turner,malibu,british airways,porridge,rose,football,london,Joe Biden ,0.153846154,0,0,0,0,0.076923077,0.5,0,0.730769231,0,0.076923077,0.192307692,0.076923077,0.346153846,0.923076923,0.653846154,0.115384615,0.730769231,0,0,0.115384615,0.846153846,0.653846154,0.038461538,0,0.538461538,0,0.576923077,0.923076923,0.461538462,,,,,,,,,,,,,,,,,,,,,,,,,,,,,,,0.326923077,,0.129032258,0,0,0,0.096774194,0,0.483870968,0.258064516,0.774193548,0.35483871,0.096774194,0.064516129,0,0.225806452,0.516129032,0,0,0.161290323,0,0,0,0.033333333,0.580645161,0,0,0.225806452,0,0.741935484,0.838709677,0.129032258,0.21592225,,,,,,,,,,,,,,,,,,,,,,,,,,,,,,,
27,Male,30,"Bachelor's degree (e.g., Bsc, BA)",Yes,Monolingual (1),British,wolf,angela merkel,samba,big ben,crisps,drake,orange juice,london,mona lisa,the sun,harry kane,donald trump,houses of parliament,harry potter,bbc,harry kane,rick and morty,cadbury,the weekend,25/12/2021,everest,pound,christmas,adele,venice beach,british airways,fish and chips,rose,football,london,Joe Biden ,0.038461538,0.615384615,0.076923077,0.192307692,0.692307692,0,0,0.807692308,0.730769231,0.230769231,0.076923077,0.192307692,0.076923077,0.346153846,0.923076923,0.653846154,0,0.730769231,0,0.461538462,0.730769231,0.846153846,0.653846154,0.307692308,0,0.538461538,0.692307692,0.576923077,0.923076923,0.461538462,,,,,,,,,,,,,,,,,,,,,,,,,,,,,,,0.470414201,,0.064516129,0.709677419,0,0,0.064516129,0,0,0.193548387,0.774193548,0,0,0.064516129,0,0.225806452,0.516129032,0,0,0.161290323,0,0,0.677419355,0.033333333,0.580645161,0.225806452,0,0.225806452,0.161290323,0.741935484,0.838709677,0.129032258,0.245698925,,,,,,,,,,,,,,,,,,,,,,,,,,,,,,,
28,Male,28,"Bachelor's degree (e.g., Bsc, BA)",Yes,Monolingual (1),World,zebra,angela merkel,macarena,eiffel tower,chocolate,elvis,water,london,mona lisa,the times,michael phelps,donald trump,pyramids,harry potter,bbc,cristiano ronaldo,tom and jerry,hersheys,one direction,01/01/2021,everest,dollar,christmas,adele,miami beach,lufthansa,pizza,sunflower,football,paris,Joe Biden ,,,,,,,,,,,,,,,,,,,,,,,,,,,,,,,0.033333333,0.733333333,0.033333333,0.433333333,0.033333333,0,0.266666667,0.6,0.733333333,0.266666667,0,0.2,0,0.266666667,0.8,0.766666667,0.333333333,0,0.066666667,0.1,0.9,0.733333333,0.466666667,0.233333333,0.1,0,0.1,0.166666667,1,0.433333333,,0.36025641,,,,,,,,,,,,,,,,,,,,,,,,,,,,,,,,0,0.709677419,0,0.35483871,0,0,0.096774194,0.193548387,0.774193548,0.322580645,michael phelps,0.064516129,0,0.225806452,0.516129032,0.451612903,0.193548387,0,0.064516129,0.193548387,0.677419355,0.866666667,0.580645161,0.225806452,0.225806452,0.032258065,0.225806452,0.032258065,0.838709677,0.516129032,0.308767577
29,Male,29,"Bachelor's degree (e.g., Bsc, BA)",Yes,Monolingual (1),World,fox,angela merkel,moonwalk,london eye,crisps,justin bieber,cola,london,mona lisa,daily mail,cristiano ronaldo,donald trump,empire state building,the bible,fox,cristiano ronaldo,tom and jerry,cadbury,bts,25/12/2021,everest,dollar,birthday,beyonce,miami beach,british airways,burger,rose,football,paris,Joe Biden ,,,,,,,,,,,,,,,,,,,,,,,,,,,,,,,0.033333333,0.733333333,0.066666667,0,0.533333333,0.2,0.266666667,0.6,0.733333333,0.033333333,0.5,0.2,0.433333333,0.3,0,0.766666667,0.333333333,0.566666667,0,0.466666667,0.9,0.733333333,0.366666667,0.1,0.1,0.466666667,0.066666667,0.566666667,1,0.433333333,,0.398717949,,,,,,,,,,,,,,,,,,,,,,,,,,,,,,,,0,0.709677419,0,0,0.064516129,0.096774194,0.483870968,0.193548387,0.774193548,0,0.096774194,0.064516129,0.258064516,0.290322581,0,0.451612903,0.193548387,0.161290323,0,0,0.677419355,0.866666667,0.064516129,0.322580645,0.225806452,0.225806452,0.096774194,0.741935484,0.838709677,0.516129032,0.306286187
30,Female,32,"Bachelor's degree (e.g., Bsc, BA)",Yes,Monolingual (1),World,wolf,jacinda ardern,zumba,eiffel tower,muffin,michael jackson,lemonade,london,painting,wall street journal,cristiano ronaldo,jacinda ardern,burj khalifa,harry potter,bbc,cristiano ronaldo,tom and jerry,dairy milk,sony,25/12/2021,everest,dollar,christmas,lady gaga,copacabana,british airways,burger,lily,football,california,Joe Biden ,,,,,,,,,,,,,,,,,,,,,,,,,,,,,,,0.066666667,0.033333333,0,0.433333333,0,0.066666667,0,0.6,0,0,0.5,0,0.033333333,0.266666667,0.8,0.766666667,0.333333333,0.133333333,0,0.466666667,0.9,0.733333333,0.466666667,0.033333333,0.1,0.466666667,0.066666667,0.066666667,1,0,,0.280769231,,,,,,,,,,,,,,,,,,,,,,,,,,,,,,,,0.064516129,0,0,0.35483871,0,0.387096774,0,0.193548387,0,0,0.096774194,0,0.032258065,0.225806452,0.516129032,0.451612903,0.193548387,0,0,0,0.677419355,0.866666667,0.580645161,0,0.064516129,0.225806452,0.096774194,0,0.838709677,0,0.192142266
31,Male,34,"Master's degree (e.g., MA, Mac)",Yes,Monolingual (1),World,lion,kamala harris,gun lean,eiffel tower,sandwich,john legend,water,paris,mona lisa,the sun,cristiano ronaldo,kim jon un,burj khalifa,the bfg,espn,cristiano ronaldo,the simpsons,dairy milk,one direction,04/07/2021,everest,dollar,christmas,adele,champagne beach,emirates,steak,rose,football,london,Joe Biden ,,,,,,,,,,,,,,,,,,,,,,,,,,,,,,,0.266666667,0,0,0.433333333,0.033333333,0,0.266666667,0.133333333,0.733333333,0.1,0.5,0,0.033333333,0,0,0.766666667,0.333333333,0.133333333,0.066666667,0.133333333,0.9,0.733333333,0.466666667,0.233333333,0.033333333,0.1,0.033333333,0.566666667,1,0.266666667,,0.280769231,,,,,,,,,,,,,,,,,,,,,,,,,,,,,,,,0.451612903,0,0,0.35483871,0.096774194,0,0.096774194,0.129032258,0.774193548,0,0.096774194,0,0.032258065,0,0,0.451612903,0.096774194,0,0.064516129,0,0.677419355,0.866666667,0.580645161,0.225806452,0,0.032258065,0,0.741935484,0.838709677,0.129032258,0.240529363
32,Male,50,"Bachelor's degree (e.g., Bsc, BA)",Yes,Monolingual (1),World,tiger,angela merkel,samba,eiffel tower,crisps,tom jones,cola,london,sunflower,the times,lewis hamilton,vladimir putin,st pauls cathedral,the bible,bbc,cristiano ronaldo,looney tunes,cadbury,the beatles,04/07/2021,everest,dollar,birthday,adele,bondi,quantas,pasta,rose,football,london,Joe Biden ,,,,,,,,,,,,,,,,,,,,,,,,,,,,,,,0.133333333,0.733333333,0.033333333,0.433333333,0.533333333,0,0.266666667,0.6,0,0.266666667,0,0.033333333,0.033333333,0.3,0.8,0.766666667,0.066666667,0.566666667,0.133333333,0.133333333,0.9,0.733333333,0.366666667,0.233333333,0.233333333,0,0.133333333,0.566666667,1,0.266666667,,0.376923077,,,,,,,,,,,,,,,,,,,,,,,,,,,,,,,,0.129032258,0.709677419,0,0.35483871,0.064516129,0,0.483870968,0.193548387,0,0.322580645,0,0.096774194,0,0.290322581,0.516129032,0.451612903,0.032258065,0.161290323,0.225806452,0,0.677419355,0.866666667,0.064516129,0.225806452,0,0,0,0.741935484,0.838709677,0.129032258,0.277750207
33,Male,23,"Bachelor's degree (e.g., Bsc, BA)",No,Bilingual (2),World,lion,angela merkel,tango,eiffel tower,snickers,justin bieber,tea,london,mona lisa,the new york times,cristiano ronaldo,donald trump,white house,harry potter,bbc,cristiano ronaldo,tom and jerry,cadbury,one direction,04/07/2021,everest,dollar,birthday,taylor swift,santa monica beach,ryanair,fish and chips,rose,football,london,Joe Biden ,,,,,,,,,,,,,,,,,,,,,,,,,,,,,,,0.266666667,0.733333333,0.133333333,0.433333333,0,0.2,0.033333333,0.6,0.733333333,0.2,0.5,0.2,0.1,0.266666667,0.8,0.766666667,0.333333333,0.566666667,0.066666667,0.133333333,0.9,0.733333333,0.366666667,0.133333333,0.033333333,0.066666667,0.3,0.566666667,1,0.266666667,,0.392307692,,,,,,,,,,,,,,,,,,,,,,,,,,,,,,,,0.451612903,0.709677419,0,0.35483871,0,0.096774194,0.032258065,0.193548387,0.774193548,0.35483871,0.096774194,0.064516129,0.129032258,0.225806452,0.516129032,0.451612903,0.193548387,0.161290323,0.064516129,0,0.677419355,0.866666667,0.064516129,0,0,0,0.161290323,0.741935484,0.838709677,0.129032258,0.295119934
34,Male,26,Secondary school degree or equivalent (e.g. A levels),Yes,Monolingual (1),World,coyote,angela merkel,salsa,mount rushmore,crisps,michael jackson,cola,london,mona lisa,the sun,cristiano ronaldo,donald trump,empire state building,harry potter,sky,cristiano ronaldo,the simpsons,dairy milk,oasis,09/11/2021,everest,pound,birthday,adele,bondi,delta,fish and chips,rose,football,new york,Joe Biden ,,,,,,,,,,,,,,,,,,,,,,,,,,,,,,,0,0.733333333,0.133333333,0,0.533333333,0.066666667,0.266666667,0.6,0.733333333,0.1,0.5,0.2,0.433333333,0.266666667,0,0.766666667,0.333333333,0.133333333,0.033333333,0,0.9,0.133333333,0.366666667,0.233333333,0.233333333,0,0.3,0.566666667,1,0.066666667,,0.332051282,,,,,,,,,,,,,,,,,,,,,,,,,,,,,,,,0,0.709677419,0,0,0.064516129,0.387096774,0.483870968,0.193548387,0.774193548,0,0.096774194,0.064516129,0.258064516,0.225806452,0,0.451612903,0.096774194,0,0,0,0.677419355,0.033333333,0.064516129,0.225806452,0,0.032258065,0.161290323,0.741935484,0.838709677,0,0.224607113
35,Male,18,Secondary school degree or equivalent (e.g. A levels),Yes,Monolingual (1),World,lion,margaret thatcher,tango,eiffel tower,crisps,justin bieber,beer,london,mona lisa,telegraph,usain bolt,angela merkel,empire state building,harry potter,bbc,cristiano ronaldo,tom and jerry,cadbury,jackson 5,25/12/2021,everest,dollar,birthday,rihanna,santa monica beach,british airways,pizza,sunflower,football,london,Joe Biden ,,,,,,,,,,,,,,,,,,,,,,,,,,,,,,,0.266666667,0.033333333,0.133333333,0.433333333,0.533333333,0.2,0.1,0.6,0.733333333,0,0,0.033333333,0.433333333,0.266666667,0.8,0.766666667,0.333333333,0.566666667,0,0.466666667,0.9,0.733333333,0.366666667,0,0.033333333,0.466666667,0.1,0.166666667,1,0.266666667,,0.371794872,,,,,,,,,,,,,,,,,,,,,,,,,,,,,,,,0.451612903,0.032258065,0,0.35483871,0.064516129,0.096774194,0.064516129,0.193548387,0.774193548,0,0,0.032258065,0.258064516,0.225806452,0.516129032,0.451612903,0.193548387,0.161290323,0,0,0.677419355,0.866666667,0.064516129,0.032258065,0,0.225806452,0.225806452,0.032258065,0.838709677,0.129032258,0.240529363
36,Male,33,Secondary school degree or equivalent (e.g. A levels),Yes,Bilingual (2),World,wolf,angela merkel,moonwalk,eiffel tower,crisps,bruce springsteen,water,amsterdam,the nightwatch,the new york times,cristiano ronaldo,joe biden,empire state building,fifty shades of grey,bbc,cristiano ronaldo,tom and jerry,cadbury,the rolling stones,14/06/2021,everest,dollar,floss,beyonce,bondi,british airways,pizza,rose,football,london,Joe Biden ,,,,,,,,,,,,,,,,,,,,,,,,,,,,,,,0.066666667,0.733333333,0.066666667,0.433333333,0.533333333,0,0.266666667,0.066666667,0,0.2,0.5,0.433333333,0.433333333,0,0.8,0.766666667,0.333333333,0.566666667,0,0,0.9,0.733333333,0,0.1,0.233333333,0.466666667,0.1,0.566666667,1,0.266666667,,0.353846154,,,,,,,,,,,,,,,,,,,,,,,,,,,,,,,,0.064516129,0.709677419,0,0.35483871,0.064516129,0,0.096774194,0,0,0.35483871,0.096774194,0.290322581,0.258064516,0,0.516129032,0.451612903,0.193548387,0.161290323,0,0,0.677419355,0.866666667,0,0.322580645,0,0.225806452,0.225806452,0.741935484,0.838709677,0.129032258,0.266583954
37,Female,42,"Bachelor's degree (e.g., Bsc, BA)",No,Bilingual (2),World,bear,angela merkel,salsa,statue of liberty,nachos,shawn mendes,cuba libre,london,mona lisa,the new york times,cristiano ronaldo,donald trump,empire state building,1984,bbc,lionel messi,tom and jerry,kit kat,oasis,01/01/2021,everest,pound,new years eve,dua lipa,copacabana,american airlines,fish and chips,rose,football,paris,Joe Biden ,,,,,,,,,,,,,,,,,,,,,,,,,,,,,,,0.1,0.733333333,0.133333333,0.166666667,0,0,0,0.6,0.733333333,0.2,0.5,0.2,0.433333333,0.066666667,0.8,0.066666667,0.333333333,0,0.033333333,0.1,0.9,0.133333333,0,0,0.1,0.033333333,0.3,0.566666667,1,0.433333333,,0.291025641,,,,,,,,,,,,,,,,,,,,,,,,,,,,,,,,0,0.709677419,0.161290323,0.161290323,0,0,0,0.193548387,0.774193548,0.35483871,0.096774194,0.064516129,0.258064516,0,0.516129032,0.387096774,0.193548387,0,0,0.193548387,0.677419355,0.033333333,0,0,0.064516129,0.129032258,0.161290323,0.741935484,0.838709677,0.516129032,0.258105873
38,Male,41,"Bachelor's degree (e.g., Bsc, BA)",Yes,Monolingual (1),World,tiger,angela merkel,waltz,statue of liberty,sandwich,jay-z,cola,london,mona lisa,the new york times,messi,joe biden,empire state building,the bible,bbc,cristiano ronaldo,looney tunes,cadbury,u2,25/12/2021,everest,dollar,new year ,adele,coney island,british airways,rice,rose,football,london,Joe Biden ,,,,,,,,,,,,,,,,,,,,,,,,,,,,,,,0.133333333,0.733333333,0,0.166666667,0.033333333,0,0.266666667,0.6,0.733333333,0.2,0,0.433333333,0.433333333,0.3,0.8,0.766666667,0.066666667,0.566666667,0.033333333,0.466666667,0.9,0.733333333,0,0.233333333,0,0.466666667,0,0.566666667,1,0.266666667,,0.396153846,,,,,,,,,,,,,,,,,,,,,,,,,,,,,,,,0.129032258,0.709677419,0.032258065,0.161290323,0.096774194,0,0.483870968,0.193548387,0.774193548,0.35483871,0.322580645,0.290322581,0.258064516,0.290322581,0.516129032,0.451612903,0.032258065,0.161290323,0.032258065,0,0.677419355,0.866666667,0,0.225806452,0,0.225806452,0,0.741935484,0.838709677,0.129032258,0.31745244
39,Male,42,"Bachelor's degree (e.g., Bsc, BA)",Yes,Monolingual (1),World,tiger,angela merkel,lambada,statue of liberty,crisps,justin bieber,milk,paris,mona lisa,the new york times,david beckham,joe biden,empire state building,lord of the flies,bbc,david beckham,the simpsons,dairy milk,u2,25/12/2021,everest,pound,christmas,madonna,bondi,british airways,lasagne,daisy,football,new york,Joe Biden ,,,,,,,,,,,,,,,,,,,,,,,,,,,,,,,0.133333333,0.733333333,0,0.166666667,0.533333333,0.2,0,0.133333333,0.733333333,0.2,0.1,0.433333333,0.433333333,0,0.8,0.033333333,0.333333333,0.133333333,0.033333333,0.466666667,0.9,0.133333333,0.466666667,0.066666667,0.233333333,0.466666667,0.066666667,0.1,1,0.066666667,,0.315384615,,,,,,,,,,,,,,,,,,,,,,,,,,,,,,,,0.129032258,0.709677419,0,0.161290323,0.064516129,0.096774194,0,0.129032258,0.774193548,0.35483871,0,0.290322581,0.258064516,0,0.516129032,0,0.096774194,0,0.032258065,0,0.677419355,0.033333333,0.580645161,0.096774194,0,0.225806452,0,0,0.838709677,0,0.21344086
40,Male,47,"Master's degree (e.g., MA, Mac)",Yes,Monolingual (1),World,fox,angela merkel,tango,statue of liberty,crisps,justin bieber,cola,london,mona lisa,the new york times,cristiano ronaldo,joe biden,empire state building,1984,bbc,cristiano ronaldo,mickey mouse,cadbury,emi,31/12/2021,washington monument,dollar,birthday,taylor swift,byron bay,british airways,curry,sunflower,football,paris,Joe Biden ,,,,,,,,,,,,,,,,,,,,,,,,,,,,,,,0.033333333,0.733333333,0.133333333,0.166666667,0.533333333,0.2,0.266666667,0.6,0.733333333,0.2,0.5,0.433333333,0.433333333,0.066666667,0.8,0.766666667,0.033333333,0.566666667,0,0,0,0.733333333,0.366666667,0.133333333,0,0.466666667,0,0.166666667,1,0.433333333,,0.353846154,,,,,,,,,,,,,,,,,,,,,,,,,,,,,,,,0,0.709677419,0.129032258,0.161290323,0.064516129,0.096774194,0.483870968,0.193548387,0.774193548,0.35483871,0.096774194,0.290322581,0.258064516,0,0.516129032,0.451612903,0.096774194,0.161290323,0,0.096774194,0,0.866666667,0.064516129,0,0,0.225806452,0,0.032258065,0.838709677,0.516129032,0.264102564
41,Male,36,Secondary school degree or equivalent (e.g. A levels),Yes,Multilingual (more than 2),World,wolf,angela merkel,tap dance,pyramids at giza,cheetos,ricky martin,cola,london,pomegranate & lime,daily express,rafael nadal,vladimir putin,trump tower,endless love,bbc,nani,peppa pig,buchanans,aerosmith,12/01/2021,everest,dollar,birthday,ariana grande,pattya,british airways,fish and chips,lily,football,singapore,Joe Biden ,,,,,,,,,,,,,,,,,,,,,,,,,,,,,,,0.066666667,0.733333333,0,0,0,0.033333333,0.266666667,0.6,0,0,0,0.033333333,0,0,0.8,0,0,0,0,0,0.9,0.733333333,0.366666667,0.033333333,0,0.466666667,0.3,0.066666667,1,0,,0.244871795,,,,,,,,,,,,,,,,,,,,,,,,,,,,,,,,0.064516129,0.709677419,0,0,0,0,0.483870968,0.193548387,0,0,0,0.096774194,0,0,0.516129032,0,0,0,0,0,0.677419355,0.866666667,0.064516129,0,0,0.225806452,0.161290323,0,0.838709677,0,0.188420182
42,Male,44,"Doctoral degree (e.g., PhD, MD, etc.)",Yes,Bilingual (2),World,giraffe,angela merkel,tango,leaning tower of pisa,chocolate,michael jackson,water,lisbon,mona lisa,the guardian,cristiano ronaldo,joe biden,the shard,the northern lights,channel 4,cristiano ronaldo,ren & stimpy,mars,radiohead,21/02/2021,everest,euro,easter,madonna,redondo beach,tap,beans on toast,rose,football,paris,Joe Biden ,,,,,,,,,,,,,,,,,,,,,,,,,,,,,,,0,0.733333333,0.133333333,0,0.033333333,0.066666667,0.266666667,0,0.733333333,0.133333333,0.5,0.433333333,0.033333333,0,0,0.766666667,0,0.033333333,0,0,0.9,0.066666667,0,0.066666667,0,0,0,0.566666667,1,0.433333333,,0.242307692,,,,,,,,,,,,,,,,,,,,,,,,,,,,,,,,0,0.709677419,0.129032258,0,0,0.387096774,0.096774194,0,0.774193548,0,0.096774194,0.290322581,0,0,0,0.451612903,0,0,0,0,0.677419355,0,0,0.096774194,0,0,0,0.741935484,0.838709677,0.516129032,0.20471464
43,Female,36,"Master's degree (e.g., MA, Mac)",Yes,Monolingual (1),World,zebra,angela merkel,samba,land's end,peanuts,robbie williams,gin,london,mona lisa,the times,cristiano ronaldo,joe biden,empire state building,the bible,bbc,cristiano ronaldo,mickey mouse,snickers,coldplay,25/12/2021,everest,dollar,christmas,annie lennox,bondi,emirates,lasagne,daisy,football,paris,Joe Biden ,,,,,,,,,,,,,,,,,,,,,,,,,,,,,,,0.033333333,0.733333333,0.033333333,0,0,0,0,0.6,0.733333333,0.266666667,0.5,0.433333333,0.433333333,0.3,0.8,0.766666667,0.033333333,0.033333333,0.033333333,0.466666667,0.9,0.733333333,0.466666667,0,0.233333333,0.1,0.066666667,0.1,1,0.433333333,,0.357692308,,,,,,,,,,,,,,,,,,,,,,,,,,,,,,,,0,0.709677419,0,0,0,0,0,0.193548387,0.774193548,0.322580645,0.096774194,0.290322581,0.258064516,0.290322581,0.516129032,0.451612903,0.096774194,0,0.032258065,0,0.677419355,0.866666667,0.580645161,0,0,0.032258065,0,0,0.838709677,0.516129032,0.276509512
44,Female,27,"Master's degree (e.g., MA, Mac)",Yes,Monolingual (1),World,lion,angela merkel,ballet,eiffel tower,crisps,justin bieber,cola,amsterdam,mona lisa,the guardian,cristiano ronaldo,boris johnson,empire state building,the bible,bbc,cristiano ronaldo,the simpsons,cadbury,little mix,25/12/2021,kilimanjaro,euro,birthday,adele,bondi,british airways,fish and chips,sunflower,football,paris,Joe Biden ,,,,,,,,,,,,,,,,,,,,,,,,,,,,,,,0.266666667,0.733333333,0,0.433333333,0.533333333,0.2,0.266666667,0.066666667,0.733333333,0.133333333,0.5,0,0.433333333,0.3,0.8,0.766666667,0.333333333,0.566666667,0.033333333,0.466666667,0.033333333,0.066666667,0.366666667,0.233333333,0.233333333,0.466666667,0.3,0.166666667,1,0.433333333,,0.357692308,,,,,,,,,,,,,,,,,,,,,,,,,,,,,,,,0.451612903,0.709677419,0.032258065,0.35483871,0.064516129,0.096774194,0.483870968,0,0.774193548,0,0.096774194,0.032258065,0.258064516,0.290322581,0.516129032,0.451612903,0.096774194,0.161290323,0,0,0,0,0.064516129,0.225806452,0,0.225806452,0.161290323,0.032258065,0.838709677,0.516129032,0.23573201
45,Female,45,Secondary school degree or equivalent (e.g. A levels),Yes,Monolingual (1),World,lion,margaret thatcher,running man,st paul's cathedral,strawberries,elton john,cola,london,don't know any,the times,andy murray,barack obama,st pauls cathedral,harry potter,nbc,cristiano ronaldo,tom and jerry,snickers,the beatles,25/12/2021,kilimanjaro,pound,christmas,celine dion,califonia,virgin,fish and chips,lily,football,paris,Joe Biden ,,,,,,,,,,,,,,,,,,,,,,,,,,,,,,,0.266666667,0.033333333,0,0,0,0,0.266666667,0.6,0,0.266666667,0.033333333,0.033333333,0.033333333,0.266666667,0,0.766666667,0.333333333,0.033333333,0.133333333,0.466666667,0.033333333,0.133333333,0.466666667,0,0,0.033333333,0.3,0.066666667,1,0.433333333,,0.228205128,,,,,,,,,,,,,,,,,,,,,,,,,,,,,,,,0.451612903,0.032258065,0,0,0,0,0.483870968,0.193548387,0,0.322580645,0,0.064516129,0,0.225806452,0.064516129,0.451612903,0.193548387,0,0.225806452,0,0,0.033333333,0.580645161,0,0,0.096774194,0.161290323,0,0.838709677,0.516129032,0.189867659
46,Female,19,Secondary school degree or equivalent (e.g. A levels),Yes,Monolingual (1),World,hare,michelle obama,robot,statue of liberty,crisps,harry styles,water,amsterdam,mona lisa,the sun,jack grealish,barack obama,skyscraper,coraline,bbc,cristiano ronaldo,looney tunes,cadbury,abba,25/12/2021,everest,dollar,christmas,doja cat,mumbles,ryanair,pasta,sunflower,football,paris,Joe Biden ,,,,,,,,,,,,,,,,,,,,,,,,,,,,,,,0,0,0,0.166666667,0.533333333,0.033333333,0.266666667,0.066666667,0.733333333,0.1,0,0.033333333,0,0,0.8,0.766666667,0.066666667,0.566666667,0,0.466666667,0.9,0.733333333,0.466666667,0,0,0.066666667,0.133333333,0.166666667,1,0.433333333,,0.319230769,,,,,,,,,,,,,,,,,,,,,,,,,,,,,,,,0,0,0,0.161290323,0.064516129,0,0.096774194,0,0.774193548,0,0,0.064516129,0,0,0.516129032,0.451612903,0.032258065,0.161290323,0.064516129,0,0.677419355,0.866666667,0.580645161,0,0,0,0,0.032258065,0.838709677,0.516129032,0.220678247
47,Female,35,Secondary school degree or equivalent (e.g. A levels),Yes,Bilingual (2),World,elephant,angela merkel,rock,eiffel tower,pizza,damien saez,beer,paris,mona lisa,the times,david beckham,macron,london tower,les fourmis,cnn,david beckham,tom and jerry,lindt,pink floyds,01/01/2021,everest,dollar,christmas,cher,st tropez,ryanair,pasta,rose,football,paris,Joe Biden ,,,,,,,,,,,,,,,,,,,,,,,,,,,,,,,0.033333333,0.733333333,0,0.433333333,0,0,0.1,0.133333333,0.733333333,0.266666667,0.1,0,0,0,0,0.033333333,0.333333333,0,0,0.1,0.9,0.733333333,0.466666667,0,0,0.066666667,0.133333333,0.566666667,1,0.433333333,,0.26025641,,,,,,,,,,,,,,,,,,,,,,,,,,,,,,,,0.032258065,0.709677419,0,0.35483871,0,0,0.064516129,0.129032258,0.774193548,0.322580645,0,0,0,0,0.225806452,0,0.193548387,0.096774194,0,0.193548387,0.677419355,0.866666667,0.580645161,0,0,0,0,0.741935484,0.838709677,0.516129032,0.267824648
48,Male,36,"Master's degree (e.g., MA, Mac)",Yes,Monolingual (1),World,lion,jacinda ardern,salsa,eiffel tower,chips,ed sheeran,water,paris,mona lisa,the sun,cristiano ronaldo,joe biden,empire state building,harry potter,bbc,cristiano ronaldo,the simpsons,cadbury,foo fighters,04/07/2021,everest,dollar,christmas,taylor swift,copacabana,british airways,pizza,rose,football,london,Joe Biden ,,,,,,,,,,,,,,,,,,,,,,,,,,,,,,,0.266666667,0.033333333,0.133333333,0.433333333,0.033333333,0.066666667,0.266666667,0.133333333,0.733333333,0.1,0.5,0.433333333,0.433333333,0.266666667,0.8,0.766666667,0.333333333,0.566666667,0.033333333,0.133333333,0.9,0.733333333,0.466666667,0.133333333,0.1,0.466666667,0.1,0.566666667,1,0.266666667,,0.375641026,,,,,,,,,,,,,,,,,,,,,,,,,,,,,,,,0.451612903,0,0.161290323,0.35483871,0.387096774,0,0.096774194,0.129032258,0.774193548,0,0.096774194,0.290322581,0.258064516,0.225806452,0.516129032,0.451612903,0.096774194,0.161290323,0,0,0.677419355,0.866666667,0.580645161,0,0.064516129,0.225806452,0.225806452,0.741935484,0.838709677,0.129032258,0.311248966
49,Male,23,Secondary school degree or equivalent (e.g. A levels),Yes,Monolingual (1),World,lion,angela merkel,moonwalk,chernobyl,crisps,harry styles,beer,london,mona lisa,the new york times,cristiano ronaldo,donald trump,white house,1984,bbc,cristiano ronaldo,the simpsons,cadbury,linkin park,25/12/2021,everest,dollar,birthday,taylor swift,long beach,tui,fish and chips,rose,football,la,Joe Biden ,,,,,,,,,,,,,,,,,,,,,,,,,,,,,,,0.266666667,0.733333333,0.066666667,0,0.533333333,0.033333333,0.1,0.6,0.733333333,0.2,0.5,0.2,0.1,0.066666667,0.8,0.766666667,0.333333333,0.566666667,0,0.466666667,0.9,0.733333333,0.366666667,0.133333333,0,0,0.3,0.566666667,1,0,,0.401282051,,,,,,,,,,,,,,,,,,,,,,,,,,,,,,,,0.451612903,0.709677419,0,0,0.064516129,0,0.064516129,0.193548387,0.774193548,0.35483871,0.096774194,0.064516129,0.129032258,0,0.516129032,0.451612903,0.096774194,0.161290323,0,0,0.677419355,0.866666667,0.064516129,0,0,0,0.161290323,0.741935484,0.838709677,0,0.278990902
50,Male,26,"Master's degree (e.g., MA, Mac)",Yes,Monolingual (1),World,bear,hillary clinton,floss,eiffel tower,apple,frank sinatra,water,london,mona lisa,the guardian,tom brady,joe biden,white house,the bible,bbc,cristiano ronaldo,tom and jerry,cadbury,the beatles,06/07/2021,everest,dollar,christmas,ariana grande,bondi,british airways,pasta,rose,football,paris,Joe Biden ,,,,,,,,,,,,,,,,,,,,,,,,,,,,,,,0.1,0,0,0.433333333,0,0,0.266666667,0.6,0.733333333,0.133333333,0.033333333,0.433333333,0.1,0.3,0.8,0.766666667,0.333333333,0.566666667,0.133333333,0,0.9,0.733333333,0.466666667,0.033333333,0.233333333,0.466666667,0.133333333,0.566666667,1,0.433333333,,0.38974359,,,,,,,,,,,,,,,,,,,,,,,,,,,,,,,,0,0,0,0.35483871,0,0,0.096774194,0.193548387,0.774193548,0,0,0.290322581,0.129032258,0.290322581,0.516129032,0.451612903,0.193548387,0.161290323,0.225806452,0,0.677419355,0.866666667,0.580645161,0,0,0.225806452,0,0.741935484,0.838709677,0.516129032,0.293879239
51,Male,31,"Master's degree (e.g., MA, Mac)",Yes,Monolingual (1),World,lion,angela merkel,break dance,eiffel tower,crisps,justin bieber,water,london,mona lisa,daily mail,cristiano ronaldo,joe biden,empire state building,harry potter,bbc,cristiano ronaldo,pokemon,cadbury,coldplay,25/12/2021,everest,pound,birthday,taylor swift,miami beach,british airways,burger,rose,football,london,Joe Biden ,,,,,,,,,,,,,,,,,,,,,,,,,,,,,,,0.266666667,0.733333333,0,0.433333333,0.533333333,0.2,0.266666667,0.6,0.733333333,0.033333333,0.5,0.433333333,0.433333333,0.266666667,0.8,0.766666667,0,0.566666667,0.033333333,0.466666667,0.9,0.133333333,0.366666667,0.133333333,0.1,0.466666667,0.066666667,0.566666667,1,0.266666667,,0.403846154,,,,,,,,,,,,,,,,,,,,,,,,,,,,,,,,0.451612903,0.709677419,0,0.35483871,0.064516129,0.096774194,0.096774194,0.193548387,0.774193548,0,0.096774194,0.290322581,0.258064516,0.225806452,0.516129032,0.451612903,0,0.161290323,0.032258065,0,0.677419355,0.033333333,0.064516129,0,0.225806452,0.225806452,0.096774194,0.741935484,0.838709677,0.129032258,0.269272126
52,Male,42,"Bachelor's degree (e.g., Bsc, BA)",Yes,Bilingual (2),World,crocodile,angela merkel,rumba,tower bridge,crisps,bono,coffee,carlisle,starry night,the star,andy murray,joe biden,empire state building,catcher in the rye,bbc,lionel messi,the simpsons,mars,iron maiden,04/07/2021,everest,dollar,christmas,adele,copacabana,emirates,fish and chips,rose,football,paris,Joe Biden ,,,,,,,,,,,,,,,,,,,,,,,,,,,,,,,0,0.733333333,0,0,0.533333333,0,0,0,0,0,0.033333333,0.433333333,0.433333333,0,0.8,0.066666667,0.333333333,0.033333333,0,0.133333333,0.9,0.733333333,0.466666667,0.233333333,0.1,0.1,0.3,0.566666667,1,0.433333333,,0.303846154,,,,,,,,,,,,,,,,,,,,,,,,,,,,,,,,0,0.709677419,0,0,0.064516129,0,0,0,0,0,0,0.290322581,0.258064516,0,0.516129032,0.387096774,0.096774194,0,0,0,0.677419355,0.866666667,0.580645161,0.225806452,0.064516129,0.032258065,0.161290323,0.741935484,0.838709677,0.516129032,0.26038048
53,Female,35,Did not graduate high school,Yes,Monolingual (1),World,tiger,angela merkel,salsa,eiffel tower,crisps,corey taylor,orange juice,london,mona lisa,the guardian,tom brady,joe biden,houses of parliament,the bible,bbc,cristiano ronaldo,the simpsons,cadbury,the beatles,25/12/2021,everest,dollar,christmas,beyonce,bondi,virgin,roast dinner,rose,football,paris,Joe Biden ,,,,,,,,,,,,,,,,,,,,,,,,,,,,,,,0.133333333,0.733333333,0.133333333,0.433333333,0.533333333,0,0,0.6,0.733333333,0.133333333,0.033333333,0.433333333,0.033333333,0.3,0.8,0.766666667,0.333333333,0.566666667,0.133333333,0.466666667,0.9,0.733333333,0.466666667,0.1,0.233333333,0.033333333,0,0.566666667,1,0.433333333,,0.433333333,,,,,,,,,,,,,,,,,,,,,,,,,,,,,,,,0.129032258,0.709677419,0.161290323,0.35483871,0.064516129,0,0,0.193548387,0.774193548,0,0,0.290322581,0,0.290322581,0.516129032,0.451612903,0.096774194,0.161290323,0.225806452,0,0.677419355,0.866666667,0.580645161,0.322580645,0,0.096774194,0,0.741935484,0.838709677,0.516129032,0.334822167
54,Male,34,"Bachelor's degree (e.g., Bsc, BA)",Yes,Bilingual (2),World,lion,nicole sheer,shapes,eiffel tower,crisps,ed sheeran,water,london,mona lisa,the times,cristiano ronaldo,joe biden,eiffel tower,harry potter,bbc,cristiano ronaldo,the simpsons,cadbury,the beatles,25/12/2021,everest,dollar,christmas,adele,champagne beach,british airways,steak,rose,football,paris,Joe Biden ,,,,,,,,,,,,,,,,,,,,,,,,,,,,,,,0.266666667,0,0,0.433333333,0.533333333,0.066666667,0.266666667,0.6,0.733333333,0.266666667,0.5,0.433333333,0,0.266666667,0.8,0.766666667,0.333333333,0.566666667,0.133333333,0.466666667,0.9,0.733333333,0.466666667,0.233333333,0.033333333,0.466666667,0.033333333,0.566666667,1,0.433333333,,0.434615385,,,,,,,,,,,,,,,,,,,,,,,,,,,,,,,,0.451612903,0,0,0.35483871,0.064516129,0,0.096774194,0.193548387,0.774193548,0.322580645,0.096774194,0.290322581,0,0.225806452,0.516129032,0.451612903,0.096774194,0.161290323,0.225806452,0,0.677419355,0.866666667,0.580645161,0.225806452,0,0.225806452,0,0.741935484,0.838709677,0.516129032,0.328618693
55,Female,34,"Bachelor's degree (e.g., Bsc, BA)",Yes,Monolingual (1),World,bear,angela merkel,salsa,great wall of china,chips,ed sheeran,vodka,edinburgh ,mona lisa,the guardian,michael jordan,donald trump,white house,to kill a mockingbird,bbc,lionel messi,the simpsons,dairy milk,little mix,25/12/2021,everest,euro,christmas,kylie minogue ,miami beach,emirates,lasagne,rose,football,london,Joe Biden ,,,,,,,,,,,,,,,,,,,,,,,,,,,,,,,0.1,0.733333333,0.133333333,0,0.033333333,0.066666667,0,0,0.733333333,0.133333333,0,0.2,0.1,0,0.8,0.066666667,0.333333333,0.133333333,0.033333333,0.466666667,0.9,0.066666667,0.466666667,0,0.1,0.1,0.066666667,0.566666667,1,0.266666667,,0.285897436,,,,,,,,,,,,,,,,,,,,,,,,,,,,,,,,0,0.709677419,0.161290323,0,0.387096774,0,0,0,0.774193548,0,0.096774194,0.064516129,0.129032258,0,0.516129032,0.387096774,0.096774194,0,0,0,0.677419355,0,0.580645161,0,0.225806452,0.032258065,0,0.741935484,0.838709677,0.129032258,0.243176179
56,Female,23,Secondary school degree or equivalent (e.g. A levels),Yes,Monolingual (1),World,elephant,angela merkel,macarena,statue of liberty,crisps,freddie mercury,cola,new york,the girl with the pearl earrings,the times,david beckham,angela merkel,the shard,the bible,bbc,cristiano ronaldo,spongebob squarepants,cadbury,queen,01/01/2021,everest,dollar,birthday,beyonce,myrtle,british airways,fish and chips,sunflower,football,new york,Joe Biden ,,,,,,,,,,,,,,,,,,,,,,,,,,,,,,,0.033333333,0.733333333,0.033333333,0.166666667,0.533333333,0,0.266666667,0,0,0.266666667,0.1,0.033333333,0.033333333,0.3,0.8,0.766666667,0,0.566666667,0,0.1,0.9,0.733333333,0.366666667,0.1,0,0.466666667,0.3,0.166666667,1,0.066666667,,0.328205128,,,,,,,,,,,,,,,,,,,,,,,,,,,,,,,,0.032258065,0.709677419,0,0.161290323,0.064516129,0,0.483870968,0.258064516,0,0.322580645,0,0.032258065,0,0.290322581,0.516129032,0.451612903,0,0.161290323,0,0.193548387,0.677419355,0.866666667,0.064516129,0.322580645,0,0.225806452,0.161290323,0.032258065,0.838709677,0,0.25789909
57,Male,29,"Master's degree (e.g., MA, Mac)",Yes,Monolingual (1),World,bear,angela merkel,cha cha,houses of parliament,crisps,bob dylan,tea,london,the scream,the times,david beckham,joe biden,houses of parliament,the bible,bbc,cristiano ronaldo,the simpsons,cadbury,red hot chili peppers,25/12/2021,everest,dollar,birthday,madonna,gold coast,american airlines,fish and chips,daisy,football,rome,Joe Biden ,,,,,,,,,,,,,,,,,,,,,,,,,,,,,,,0.1,0.733333333,0,0,0.533333333,0,0.033333333,0.6,0,0.266666667,0.1,0.433333333,0.033333333,0.3,0.8,0.766666667,0.333333333,0.566666667,0,0.466666667,0.9,0.733333333,0.366666667,0.066666667,0,0.033333333,0.3,0.1,1,0,,0.362820513,,,,,,,,,,,,,,,,,,,,,,,,,,,,,,,,0,0.709677419,0,0,0.064516129,0,0.032258065,0.193548387,0,0.322580645,0,0.290322581,0,0.290322581,0.516129032,0.451612903,0.096774194,0.161290323,0,0,0.677419355,0.866666667,0.064516129,0.096774194,0,0.129032258,0.161290323,0,0.838709677,0.032258065,0.230603805
58,Male,36,Secondary school degree or equivalent (e.g. A levels),Yes,Monolingual (1),World,tiger,angela merkel,tango,washington monument,crisps,ricky martin,beer,paris,mona lisa,the times,cristiano ronaldo,joe biden,empire state building,the bible,bbc,harry kane,tom and jerry,cadbury,foo fighters,july,everest,dollar,christmas,lady gaga,venice beach,british airways,pasta,daisy,football,venice,Joe Biden ,,,,,,,,,,,,,,,,,,,,,,,,,,,,,,,0.133333333,0.733333333,0.133333333,0,0.533333333,0.033333333,0.1,0.133333333,0.733333333,0.266666667,0.5,0.433333333,0.433333333,0.3,0.8,0,0.333333333,0.566666667,0.033333333,0,0.9,0.733333333,0.466666667,0.033333333,0,0.466666667,0.133333333,0.1,1,0,,0.348717949,,,,,,,,,,,,,,,,,,,,,,,,,,,,,,,,0.129032258,0.709677419,0.129032258,0,0.064516129,0,0.064516129,0.129032258,0.774193548,0.322580645,0.096774194,0.290322581,0.258064516,0.290322581,0.516129032,0,0.193548387,0.161290323,0,0,0.677419355,0.866666667,0.580645161,0,0,0.225806452,0,0,0.838709677,0,0.267824648